ID_EQ_SAUDE;CATEGORIA;SIGLA_CATEGORIA;NOME;TIPO_LOGRADOURO;LOGRADOURO;NUMERO_IMOVEL;TELEFONE;NOME_BAIRRO_POPULAR;GEOMETRIA
177;CENTRO DE REFERENCIA EM SAUDE MENTAL;CERSAM;CENTRO DE REFERENCIA EM SAUDE MENTAL BARREIRO;RUA;DESEMBARGADOR RIBEIRO DA LUZ;29;;BARREIRO;POINT (603130.34 7791142.61)
439;ACADEMIA DA CIDADE;ACADEMIA;ACADEMIA DA CIDADE SANTA RITA DE CASSIA;RUA;SAO TOMAZ DE AQUINO;640;;SANTA RITA DE CÁSSIA;POINT (610755.90 7793294.83)
646;SERVICO DE RESIDENCIA TERAPEUTICA;SRT;SERVICO DE RESIDENCIA TERAPEUTICA ITAPOA;RUA;DESEMBARGADOR LINCOLN PRATES;871;34274432;ITAPOÃ;POINT (609118.52 7806276.83)
511;CENTRO DE CONVIVENCIA;CC;CENTRO DE CONVIVENCIA VENDA NOVA;RUA;EXPEDICIONARIO AMERICO FERNANDES;116;;SÃO JOÃO BATISTA;POINT (608837.85 7807726.04)
333;CENTRO DE SAUDE;CS;CENTRO DE SAUDE CALIFORNIA;AVE;DAS CASTANHOLAS;277;32778520, 32778521, 32779296;CONJUNTO CALIFÓRNIA I;POINT (603623.99 7796735.53)
792;SERVICO DE RESIDENCIA TERAPEUTICA;SRT;SERVICO DE RESIDENCIA TERAPEUTICA FLORESTA;RUA;CAPUTIRA;96;34426473;COLÉGIO BATISTA;POINT (611658.00 7798723.13)
379;CENTRO DE REFERENCIA EM SAUDE MENTAL;CERSAM;CENTRO DE REFERENCIA EM SAUDE MENTAL VENDA NOVA;RUA;DOS CANOEIROS;320;;SANTA MÔNICA;POINT (607141.37 7807118.70)
398;CENTRO DE SAUDE;CS;CENTRO DE SAUDE LAJEDO;RUA;JULIO RIBEIRO;681;32771324, 32778916, 32778556;LAJEDO;POINT (613770.00 7806500.86)
186;ACADEMIA DA CIDADE;ACADEMIA;ACADEMIA DA CIDADE PROVIDENCIA;RUA;RIO GRANDE;375;;MINASLÂNDIA;POINT (611910.83 7804403.51)
185;CENTRO DE CONVIVENCIA;CC;CENTRO DE CONVIVENCIA PROVIDENCIA;RUA;RIO GRANDE;375;;MINASLÂNDIA;POINT (611910.83 7804403.51)
355;CENTRO DE SAUDE;CS;CENTRO DE SAUDE RIO BRANCO;RUA;CRISANTO MUNIZ;120;32775475, 32775525;RIO BRANCO;POINT (606799.31 7808691.59)
1081;ACADEMIA DA CIDADE;ACADEMIA;ACADEMIA DA CIDADE PILAR;RUA;PROFESSOR OTILIO MACEDO;12;;PILAR;POINT (607517.73 7788095.99)
168;CENTRO DE SAUDE;CS;CENTRO DE SAUDE CABANA;RUA;CENTRO SOCIAL;536;32777040, 32777041, 32773623;NOVA GAMELEIRA;POINT (604994.22 7794475.81)
284;CENTRO DE SAUDE;CS;CENTRO DE SAUDE PADRE EUSTAQUIO;RUA;CARIOCA;820;32777218, 32778479, 32778306;PADRE EUSTÁQUIO;POINT (605767.80 7797557.69)
319;HOSPITAL DA PREFEITURA DE BELO HORIZONTE;HOSPITAL PBH;HOSPITAL METROPOLITANO DOUTOR CELIO DE CASTRO;RUA;DONA LUIZA;311;;MILIONÁRIOS;POINT (603945.94 7789787.83)
384;CENTRO DE ESTERILIZACAO DE CAES E GATOS;CECG;CENTRO DE ESTERILIZACAO DE CAES E GATOS NORTE;RUA;CECILIA PINTO;173;;SÃO BERNARDO;POINT (610492.45 7805132.45)
352;CENTRO DE SAUDE;CS;CENTRO DE SAUDE PIRATININGA;RUA;CRAVO DA INDIA;11;32775431, 32775509;PIRATININGA;POINT (605477.96 7808518.49)
282;CENTRO DE SAUDE;CS;CENTRO DE SAUDE JOAO XXIII;RUA;TOLEDO;481;32779131, 32779060;OESTE;POINT (604048.17 7795126.33)
453;CENTRO DE SAUDE;CS;CENTRO DE SAUDE MARIANO DE ABREU;RUA;BARREIRO;1007;32775630, 32775631, 32779041;CASA BRANCA;POINT (616530.76 7799094.63)
424;CENTRO DE SAUDE;CS;CENTRO DE SAUDE GRANJA DE FREITAS;RUA;SAO VICENTE;735;32775725, 32775752, 32775727;GRANJA DE FREITAS;POINT (616478.52 7797993.29)
508;CENTRO DE SAUDE;CS;CENTRO DE SAUDE CAMPO ALEGRE;RUA;BEIJA FLOR;370;32777344, 32777345, 32777358;PLANALTO;POINT (610038.78 7806993.37)
166;CENTRO DE SAUDE;CS;CENTRO DE SAUDE VISTA ALEGRE;RUA;SENECA;9;32779605, 32779604;NOVA CINTRA;POINT (605516.71 7793796.12)
238;ACADEMIA DA CIDADE;ACADEMIA;ACADEMIA DA CIDADE SAO GERALDO;RUA;SILVA ALVARENGA;548;;SÃO GERALDO;POINT (615361.73 7799308.10)
766;SERVICO DE RESIDENCIA TERAPEUTICA;SRT;SERVICO DE RESIDENCIA TERAPEUTICA VILA CLORIS;RUA;DAS SERIEMAS;77;34543651;VILA CLÓRIS;POINT (609852.52 7807521.94)
256;CENTRO DE REFERENCIA EM SAUDE MENTAL;CERSAM;CENTRO DE REFERENCIA EM SAUDE MENTAL ALCOOL E DROGAS NORDESTE;RUA;ANDIROBA;600;;SÃO PAULO;POINT (612497.78 7802990.91)
194;CENTRO DE SAUDE;CS;CENTRO DE SAUDE JARDIM DOS COMERCIARIOS;RUA;MARIA DA PAZ MAIA;168;32775560, 32779485;JARDIM DOS COMERCIÁRIOS;POINT (607279.55 7811642.12)
786;SERVICO DE RESIDENCIA TERAPEUTICA;SRT;SERVICO DE RESIDENCIA TERAPEUTICA INCAS;RUA;MARROCOS;292;34527637;COPACABANA;POINT (605532.92 7806894.81)
787;SERVICO DE RESIDENCIA TERAPEUTICA;SRT;SERVICO DE RESIDENCIA TERAPEUTICA MARROCOS;RUA;MARROCOS;244;34964646;COPACABANA;POINT (605540.35 7806848.72)
458;CENTRO DE CONVIVENCIA;CC;CENTRO DE CONVIVENCIA CARLOS PRATES;RUA;MANHUMIRIM;415;;PADRE EUSTÁQUIO;POINT (607872.86 7797606.43)
790;SERVICO DE RESIDENCIA TERAPEUTICA;SRT;SERVICO DE RESIDENCIA TERAPEUTICA MANHUMIRIM;RUA;MANHUMIRIM;915;34133585;CAIÇARAS;POINT (607747.44 7798126.89)
181;ACADEMIA DA CIDADE;ACADEMIA;ACADEMIA DA CIDADE CIAME;RUA;GUARARAPES;1810;;PINDORAMA;POINT (602538.26 7798136.54)
449;CENTRO DE SAUDE;CS;CENTRO DE SAUDE VILA IMPERIAL;RUA;GUILHERME PINTO DA FONSECA;350;32779104, 32779105, 32771503;MADRE GERTRUDES;POINT (604147.54 7793842.63)
421;CENTRO DE SAUDE;CS;CENTRO DE SAUDE SAO GERALDO;RUA;ITAITUBA;318;32775682, 32775683, 32775749;SÃO GERALDO;POINT (614914.80 7799573.96)
366;CENTRO DE SAUDE;CS;CENTRO DE SAUDE GENTIL GOMES;RUA;MANOEL PASSOS;580;32776270, 32776262, 32776280;SANTA CRUZ;POINT (610357.89 7802088.80)
401;CENTRO DE SAUDE;CS;CENTRO DE SAUDE ALCIDES LINS;RUA;PANEMA;255;32776002, 32776003, 32776090;CONCÓRDIA;POINT (611209.18 7799760.30)
1341;CENTRO DE REFERENCIA EM SAUDE MENTAL;CERSAM;CENTRO DE REFERENCIA EM SAUDE MENTAL INFANTO JUVENIL;RUA;PADRE MARINHO;150;;SANTA EFIGÊNIA;POINT (612890.84 7796367.47)
526;ACADEMIA DA CIDADE;ACADEMIA;ACADEMIA DA CIDADE BOA VISTA;RUA;MARIA FRANCISCA;4;;BOA VISTA;POINT (614447.39 7799771.84)
797;SERVICO DE RESIDENCIA TERAPEUTICA;SRT;SERVICO DE RESIDENCIA TERAPEUTICA MOCINHA;RUA;VINTE E OITO DE SETEMBRO;945;34612667;ESPLANADA;POINT (614305.70 7798245.23)
159;UNIDADE DE REFERENCIA SECUNDARIA;URS;UNIDADE DE REFERENCIA SECUNDARIA SAUDADE;RUA;VINTE E OITO DE SETEMBRO;372;;ESPLANADA;POINT (614503.29 7798759.72)
781;SERVICO DE RESIDENCIA TERAPEUTICA;SRT;SERVICO DE RESIDENCIA TERAPEUTICA JOSE PAULO;RUA;URARICOERA;186;34264509;RENASCENÇA;POINT (611075.01 7799913.12)
220;CENTRO DE SAUDE;CS;CENTRO DE SAUDE MENINO JESUS;RUA;CONGONHAS;692;32778824;SANTO ANTÔNIO;POINT (610720.62 7794472.16)
335;HOSPITAL DA PREFEITURA DE BELO HORIZONTE;HOSPITAL PBH;HOSPITAL ODILON BHERENS;RUA;PEDRO LESSA;50;;SÃO CRISTÓVÃO;POINT (610291.77 7798712.60)
357;ACADEMIA DA CIDADE;ACADEMIA;ACADEMIA DA CIDADE ALTO VERA CRUZ;RUA;PADRE JULIO MARIA;1550;;ALTO VERA CRUZ;POINT (616222.34 7797539.74)
339;CENTRO DE SAUDE;CS;CENTRO DE SAUDE GUARANI;RUA;PACAEMBU;160;32776770, 32776771, 32778915;GUARANI;POINT (612640.26 7805573.80)
323;DISTRITO SANITARIO;DS;DISTRITO SANITARIO NOROESTE;RUA;PECANHA;144;;CARLOS PRATES;POINT (610270.83 7797707.00)
407;ACADEMIA DA CIDADE;ACADEMIA;ACADEMIA DA CIDADE SANTA MONICA;RUA;COMENDADOR ARTHUR VIANA;345;;RIO BRANCO;POINT (606504.03 7807882.64)
317;CENTRO DE SAUDE;CS;CENTRO DE SAUDE NOSSA SENHORA DE FATIMA;RUA;CORINTO;450;32775248;SERRA;POINT (613608.00 7794549.99)
326;CENTRO DE SAUDE;CS;CENTRO DE SAUDE JARDIM LEBLON;RUA;CORONEL ANTONIO LOPES COELHO;269;32775521, 32775522;JARDIM LEBLON;POINT (606029.06 7807483.04)
465;CENTRO DE REFERENCIA EM SAUDE MENTAL;CERSAM;CENTRO DE REFERENCIA EM SAUDE MENTAL INFANTO-JUVENIL;RUA;CAMARUGI;10;;PADRE EUSTÁQUIO;POINT (607839.61 7797565.34)
466;CENTRO DE REFERENCIA EM SAUDE MENTAL;CERSAM;CENTRO DE REFERENCIA EM SAUDE MENTAL NOROESTE;RUA;CAMARUGI;10;;PADRE EUSTÁQUIO;POINT (607839.61 7797565.34)
234;CENTRO DE SAUDE;CS;CENTRO DE SAUDE SANTA TEREZINHA;RUA;SENADOR VIRGILIO TAVORA;157;32777102, 32777103, 32463005;SANTA TEREZINHA;POINT (604014.52 7802079.18)
446;ACADEMIA DA CIDADE;ACADEMIA;ACADEMIA DA CIDADE CONJUNTO BETANIA;RUA;ONA;105;;BETÂNIA;POINT (605087.88 7792145.70)
447;CENTRO DE SAUDE;CS;CENTRO DE SAUDE CONJUNTO BETANIA;RUA;ONA;105;32775982, 32775983, 32771506;BETÂNIA;POINT (605087.88 7792145.70)
661;UNIDADE DE PRONTO ATENDIMENTO;UPA;UNIDADE DE PRONTO ATENDIMENTO ODILON BEHRENS;RUA;PEREIRA PASSOS;38;;SÃO CRISTÓVÃO;POINT (610169.42 7798744.43)
534;CENTRO DE SAUDE;CS;CENTRO DE SAUDE DOM BOSCO;RUA;OLINTO MAGALHAES;1939;32777219, 32777221;DOM BOSCO;POINT (604710.30 7797936.60)
426;ACADEMIA DA CIDADE;ACADEMIA;ACADEMIA DA CIDADE VISTA ALEGRE;RUA;AGUANIL;425;;VISTA ALEGRE;POINT (605018.01 7793308.93)
371;CENTRO DE SAUDE;CS;CENTRO DE SAUDE CICERO IDELFONSO;RUA;AGUANIL;238;32779088, 32779089;VISTA ALEGRE;POINT (604861.02 7793205.10)
765;SERVICO DE RESIDENCIA TERAPEUTICA;SRT;SERVICO DE RESIDENCIA TERAPEUTICA ALCIDES LINS;RUA;JATAI;1012;34264509;CONCÓRDIA;POINT (611441.21 7799533.11)
233;CENTRO DE SAUDE;CS;CENTRO DE SAUDE FELICIDADE II;RUA;SONIA BRAZ XAVIER;60;32777487, 32777488, 32771301;JARDIM FELICIDADE;POINT (611976.97 7807530.20)
419;ACADEMIA DA CIDADE;ACADEMIA;ACADEMIA DA CIDADE BAIRRO DAS INDUSTRIAS;RUA;DOS INDUSTRIARIOS;289;;BAIRRO DAS INDÚSTRIAS I;POINT (604595.74 7792355.21)
196;CENTRO DE SAUDE;CS;CENTRO DE SAUDE COPACABANA;RUA;INGLATERRA;940;32777415, 32777442;COPACABANA;POINT (606174.29 7806544.34)
285;CENTRO DE SAUDE;CS;CENTRO DE SAUDE VERA CRUZ;PCA;PADRE LEO VERHEYEN;36;32775606, 32775607;VERA CRUZ;POINT (615511.32 7797886.76)
210;CENTRO DE SAUDE;CS;CENTRO DE SAUDE PEDREIRA PRADO LOPES;RUA;ESCRAVO ISIDORO;601;32776008, 32776009;PEDREIRA PRADO LOPES;POINT (609858.04 7799040.07)
341;CENTRO DE SAUDE;CS;CENTRO DE SAUDE SAGRADA FAMILIA - MARCO ANTONIO DE MENEZES;AVE;PETROLINA;871;32775717, 32775767;SAGRADA FAMÍLIA;POINT (613512.42 7798598.75)
427;ACADEMIA DA CIDADE;ACADEMIA;ACADEMIA DA CIDADE AMILCAR VIANA;RUA;NELSON DE SENNA;120;;CINQUENTENÁRIO;POINT (606257.45 7792864.41)
174;CENTRO DE SAUDE;CS;CENTRO DE SAUDE AMILCAR VIANA MARTINS;RUA;NELSON DE SENNA;90;32771544, 32771545, 32776483;CINQUENTENÁRIO;POINT (606277.85 7792883.47)
288;CENTRO DE REFERENCIA EM SAUDE MENTAL;CERSAM;CENTRO DE REFERENCIA EM SAUDE MENTAL PAMPULHA;RUA;DO MEL;77;;SANTA AMÉLIA;POINT (607740.59 7805648.06)
170;ACADEMIA DA CIDADE;ACADEMIA;ACADEMIA DA CIDADE PARQUE JACQUES COUSTEAU;RUA;AUGUSTO JOSE DOS SANTOS;366;;ESTRELA DO ORIENTE;POINT (605682.15 7791985.95)
156;CENTRO DE REABILITACAO;CREAB;CENTRO DE REABILITACAO SAGRADA FAMILIA;RUA;BICAS;58;;SAGRADA FAMÍLIA;POINT (612208.56 7798381.73)
643;LABORATORIO;LABORATORIO;LABORATORIO DISTRITAL CENTRO SUL - PAMPULHA;RUA;BICAS;58;;SAGRADA FAMÍLIA;POINT (612207.62 7798386.51)
644;LABORATORIO;LABORATORIO;LABORATORIO DISTRITAL LESTE - NORDESTE;RUA;BICAS;58;;SAGRADA FAMÍLIA;POINT (612208.56 7798381.73)
363;ACADEMIA DA CIDADE;ACADEMIA;ACADEMIA DA CIDADE JARDIM LEBLON;RUA;MARIA ALINE LOPES;19;;RIO BRANCO;POINT (605801.45 7808063.12)
528;ACADEMIA DA CIDADE;ACADEMIA;ACADEMIA DA CIDADE SAO MARCOS;RUA;MARIA APARECIDA;150;;SÃO MARCOS;POINT (613873.80 7802616.13)
785;SERVICO DE RESIDENCIA TERAPEUTICA;SRT;SERVICO DE RESIDENCIA TERAPEUTICA MOSSORO;RUA;MOSSORO;34;34211594;NOVA FLORESTA;POINT (611481.80 7800289.34)
686;ACADEMIA DA CIDADE;ACADEMIA;ACADEMIA DA CIDADE PETROPOLIS;RUA;FREDERICO BOY PRUSSIANO;137;;PETRÓPOLIS;POINT (601759.59 7786776.46)
445;ACADEMIA DA CIDADE;ACADEMIA;ACADEMIA DA CIDADE CONFISCO;RUA;CECILIA MAGALHAES GOMES;127;;CONFISCO;POINT (602713.75 7803116.33)
257;CENTRO DE SAUDE;CS;CENTRO DE SAUDE NAZARE;RUA;CRUZ DE MALTA;73;32776730, 32776731, 32469500, 32469551;NAZARÉ;POINT (615845.24 7804517.25)
203;CENTRO DE SAUDE;CS;CENTRO DE SAUDE CONJUNTO SANTA MARIA;RUA;GENTIOS;821;32778822;SÃO BENTO;POINT (609423.97 7793479.62)
216;CENTRO DE SAUDE;CS;CENTRO DE SAUDE ALTO VERA CRUZ;RUA;GENERAL OSORIO;959;32775601, 32779038;ALTO VERA CRUZ;POINT (616246.71 7798040.17)
154;CENTRO DE SAUDE;CS;CENTRO DE SAUDE HORTO;RUA;POUSO ALEGRE;2042;32468521, 32468537, 32468534;SANTA TEREZA;POINT (613031.62 7797804.62)
961;CENTRO DE CONTROLE DE ZOONOSES;CCZ;CENTRO DE APOIO ZOONOSES LESTE;RUA;ANTONIO JUSTINO;358;;POMPÉIA;POINT (614722.65 7798063.84)
219;CENTRO DE SAUDE;CS;CENTRO DE SAUDE BAIRRO DAS INDUSTRIAS - CENTRO DE SAUDE DR. JOSE DOMINGOS;RUA;MARIA DE LOURDES MANSO;80;32775978, 32775899, 32462029;BAIRRO DAS INDÚSTRIAS I;POINT (604541.05 7792230.18)
204;ACADEMIA DA CIDADE;ACADEMIA;ACADEMIA DA CIDADE REGINA;RUA;ARISTOLINO BASILIO DE OLIVEIRA;445;;LINDÉIA;POINT (598879.82 7790142.77)
413;CENTRO DE SAUDE;CS;CENTRO DE SAUDE REGINA;RUA;ARISTOLINO BASILIO DE OLIVEIRA;467;32462071, 32778922, 32778935, 32778920;LINDÉIA;POINT (598892.39 7790170.35)
444;CENTRO DE ESPECIALIDADES MEDICAS;CEM;CENTRO DE ESPECIALIDADES MEDICAS PAMPULHA;RUA;DOUTOR JOAO CARVALHAES DE PAIVA;73;;SÃO CRISTÓVÃO;POINT (610183.04 7798822.53)
1281;HOSPITAL DA PREFEITURA DE BELO HORIZONTE;HOSPITAL PBH;AMBULATORIO ODILON BHERENS;RUA;DOUTOR JOAO CARVALHAES DE PAIVA;85;;SÃO CRISTÓVÃO;POINT (610141.84 7798804.82)
358;CENTRO DE SAUDE;CS;CENTRO DE SAUDE CEU AZUL;RUA;ALICE MARQUES;187;32777300, 32777301;CÉU AZUL;POINT (604889.07 7808178.76)
372;ACADEMIA DA CIDADE;ACADEMIA;ACADEMIA DA CIDADE CEU AZUL;RUA;RADIALISTA CAETANO SILVA;105;;CÉU AZUL;POINT (604897.08 7807448.48)
798;SERVICO DE RESIDENCIA TERAPEUTICA;SRT;SERVICO DE RESIDENCIA TERAPEUTICA SAO JOAO BATISTA;RUA;GERALDO JACOB;64;34518678;SANTA MÔNICA;POINT (606979.94 7807700.32)
221;CENTRO DE SAUDE;CS;CENTRO DE SAUDE PROVIDENCIA;RUA;SAO SEBASTIAO;30;32776760, 32776761;MINASLÂNDIA;POINT (612121.47 7804400.45)
164;CENTRO DE SAUDE;CS;CENTRO DE SAUDE NOSSA SENHORA APARECIDA;RUA;PAULINO MARQUES GONTIJO;109;32775244, 32778263;NOVO SÃO LUCAS;POINT (613303.14 7795847.43)
324;CENTRO DE SAUDE;CS;CENTRO DE SAUDE MINAS CAIXA;RUA;CAPITAO SERGIO PIRES;226;32775418, 32775419;MINASCAIXA;POINT (609157.94 7809725.97)
303;CENTRO DE SAUDE;CS;CENTRO DE SAUDE JAQUELINE;RUA;AGENOR DE PAULA ESTRELA;1100;32775490, 32775491, 32775440;JAQUELINE;POINT (611381.34 7810096.00)
249;CENTRO DE ESPECIALIDADES MEDICAS;CEM;CENTRO DE ESPECIALIDADES MEDICAS VENDA NOVA;RUA;PADRE PEDRO PINTO;173;;SÃO JOÃO BATISTA;POINT (609638.33 7808092.36)
360;LABORATORIO;LABORATORIO;LABORATORIO DISTRITAL VENDA NOVA - NORTE;RUA;PADRE PEDRO PINTO;2277;;CANDELÁRIA;POINT (607944.33 7809299.33)
300;UNIDADE DE PRONTO ATENDIMENTO;UPA;UNIDADE DE PRONTO ATENDIMENTO VENDA NOVA;RUA;PADRE PEDRO PINTO;175;;SÃO JOÃO BATISTA;POINT (609616.76 7808078.65)
308;CENTRO DE REGULACAO DE ALTA COMPLEXIDADE;CENTRO DE REGULACAO;CENTRO DE REGULACAO DE ALTA COMPLEXIDADE;RUA;FREDERICO BRACHER JUNIOR;144;;PADRE EUSTÁQUIO;POINT (607952.25 7797586.75)
307;CENTRO MUNICIPAL DE OFTALMOLOGIA;CMO;CENTRO MUNICIPAL DE OFTALMOLOGIA;RUA;FREDERICO BRACHER JUNIOR;144;;PADRE EUSTÁQUIO;POINT (607952.25 7797586.75)
306;LABORATORIO;LABORATORIO;LABORATORIO MUNICIPAL;RUA;FREDERICO BRACHER JUNIOR;144;;PADRE EUSTÁQUIO;POINT (607952.25 7797586.75)
190;CENTRO DE SAUDE;CS;CENTRO DE SAUDE SAO BERNARDO - AMELIA ROCHA DE MELO;RUA;ARMANDO RIBEIRO DOS SANTOS;265;32776742, 32779201, 32779208;SÃO BERNARDO;POINT (611156.55 7804977.83)
510;ACADEMIA DA CIDADE;ACADEMIA;ACADEMIA DA CIDADE LAGOA;RUA;JOSE SABINO MACIEL;120;;LAGOA;POINT (604644.84 7809278.45)
416;CENTRO DE SAUDE;CS;CENTRO DE SAUDE LAGOA;RUA;JOSE SABINO MACIEL;176;32775563, 32775552;LAGOA;POINT (604620.41 7809323.59)
648;SERVICO DE RESIDENCIA TERAPEUTICA;SRT;SERVICO DE RESIDENCIA TERAPEUTICA TEOFILO OTONI;RUA;TEOFILO OTONI;285;32781983;CARLOS PRATES;POINT (609189.14 7797800.24)
503;CENTRO DE SAUDE;CS;CENTRO DE SAUDE OSWALDO CRUZ;RUA;UBERABA;270;32778763, 32778880;BARRO PRETO;POINT (609293.26 7796972.65)
414;CENTRO DE SAUDE;CS;CENTRO DE SAUDE TIROL - FRANCISCO GOMES BARBOSA;AVE;NELIO CERQUEIRA;15;32779168, 32779166, 32779167;TIROL;POINT (600908.35 7789869.62)
601;FARMACIA DISTRITAL;FARMACIA;FARMACIA DISTRITAL BARREIRO;AVE;NELIO CERQUEIRA;15;;TIROL;POINT (600908.10 7789869.58)
450;ACADEMIA DA CIDADE;ACADEMIA;ACADEMIA DA CIDADE PARQUE DAS AGUAS;AVE;XIMANGO;809;;SERRA DO CURRAL;POINT (604700.72 7788229.74)
621;ACADEMIA DA CIDADE;ACADEMIA;ACADEMIA DA CIDADE VILA SANTA RITA;RUA;ANA RAFAEL DOS SANTOS;149;;SANTA RITA;POINT (601426.43 7787199.91)
201;ACADEMIA DA CIDADE;ACADEMIA;ACADEMIA DA CIDADE TIA AMANCIA;RUA;IRAI;248;;CORAÇÃO DE JESUS;POINT (609877.99 7793948.48)
202;CENTRO DE SAUDE;CS;CENTRO DE SAUDE TIA AMANCIA;RUA;IRAI;248;32778829;CORAÇÃO DE JESUS;POINT (609877.91 7793948.79)
399;CENTRO DE SAUDE;CS;CENTRO DE SAUDE ITAMARATI;RUA;ANITA BLUMBERG;63;32777876, 32777877, 32771596;OURO PRETO;POINT (605970.62 7802758.41)
171;ACADEMIA DA CIDADE;ACADEMIA;ACADEMIA DA CIDADE VILA VENTOSA;RUA;DONA NICOLINA LIMA;316;;HAVAÍ;POINT (607271.80 7793436.32)
971;CENTRO DE CONVIVENCIA;CC;CENTRO DE CONVIVENCIA CENTRO SUL;RUA;MARTIM DE CARVALHO;382;;SANTO AGOSTINHO;POINT (609572.01 7795948.69)
1301;CENTRO DE ESTERILIZACAO DE CAES E GATOS;CECG;CENTRO DE ESTERILIZACAO DE CAES E GATOS VENDA NOVA;RUA;MARIA LUIZA LARA;120;;MANTIQUEIRA;POINT (606394.65 7810267.69)
434;ACADEMIA DA CIDADE;ACADEMIA;ACADEMIA DA CIDADE CENTRO DE REFERENCIA DO IDOSO;RUA;PERDIZES;366;;MONSENHOR MESSIAS;POINT (607499.60 7797921.63)
145;CENTRO DE SAUDE;CS;CENTRO DE SAUDE CARLOS CHAGAS;AVE;FRANCISCO SALES;1715;32460235;SANTA EFIGÊNIA;POINT (612658.71 7796035.91)
206;ACADEMIA DA CIDADE;ACADEMIA;ACADEMIA DA CIDADE SANTA LUCIA;RUA;PRINCIPAL;456;;VILA BARRAGEM SANTA LÚCIA;POINT (610467.40 7793301.01)
788;SERVICO DE RESIDENCIA TERAPEUTICA;SRT;SERVICO DE RESIDENCIA TERAPEUTICA FLORAMAR;RUA;ALVARO CAMARGOS SOBRINHO;187;34351377;FLORAMAR;POINT (611899.55 7805780.19)
161;CENTRO DE CONVIVENCIA;CC;CENTRO DE CONVIVENCIA ARTHUR BISPO;RUA;ANHANGUERA;356;;HORTO;POINT (613028.64 7797912.21)
318;CENTRO DE SAUDE;CS;CENTRO DE SAUDE SANTA AMELIA;RUA;ANTERO DE QUENTAL;151;32777453, 32777438, 32778027, 32777974;SANTA BRANCA;POINT (608150.94 7806138.73)
198;CENTRO DE ESPECIALIDADES ODONTOLOGICAS;CEO;CENTRO DE ESPECIALIDADES ODONTOLOGICAS VENDA NOVA;RUA;EUGENIO VOLPINI;143;;SÃO JOÃO BATISTA;POINT (608908.16 7807416.65)
268;CENTRO DE SAUDE;CS;CENTRO DE SAUDE BETANIA;RUA;DAS CANOAS;678;32775980, 32775981, 32771386;ESTRELA DO ORIENTE;POINT (605822.54 7792399.59)
428;CENTRO DE SAUDE;CS;CENTRO DE SAUDE PALMEIRAS;AVE;DOM JOAO VI;1821;32776485, 32776486, 32776595;PALMEIRAS;POINT (606912.88 7791274.71)
408;ACADEMIA DA CIDADE;ACADEMIA;ACADEMIA DA CIDADE VALE DO JATOBA;AVE;SENADOR LEVINDO COELHO;2280;;VALE DO JATOBÁ;POINT (600966.78 7787337.88)
280;CENTRO DE SAUDE;CS;CENTRO DE SAUDE BOA VISTA;RUA;GURUA;833;32775680, 32775681;BOA VISTA;POINT (615448.08 7800053.10)
228;CENTRO DE SAUDE;CS;CENTRO DE SAUDE CAFEZAL;RUA;BELA VISTA;30;32775243;SANTANA DO CAFEZAL;POINT (613945.17 7795212.95)
365;ACADEMIA DA CIDADE;ACADEMIA;ACADEMIA DA CIDADE ZILAH SPOSITO;RUA;COQUILHO;75;;JAQUELINE;POINT (612270.95 7809755.43)
364;CENTRO DE SAUDE;CS;CENTRO DE SAUDE ZILAH SPOSITO;RUA;COQUILHO;85;32775482, 32469066;JAQUELINE;POINT (612258.66 7809764.96)
260;CENTRO DE SAUDE;CS;CENTRO DE SAUDE PRIMEIRO DE MAIO;RUA;OSCAR LOBO PEREIRA;207;32779492, 32779498, 32779499;PRIMEIRO DE MAIO;POINT (612278.33 7803496.19)
350;CENTRO DE SAUDE;CS;CENTRO DE SAUDE NOVA YORK;RUA;WILTON MARQUES PEREIRA;10;32775416, 32775430;JARDIM DOS COMERCIÁRIOS;POINT (608089.99 7810960.15)
464;CENTRO DE SAUDE;CS;CENTRO DE SAUDE JAQUELINE II;RUA;JOAO PEREIRA LIMA;55;32775451, 32775534, 32771896;JAQUELINE;POINT (610589.48 7809735.12)
533;CENTRO DE SAUDE;CS;CENTRO DE SAUDE CAMARGOS;RUA;LUIZA EFIGENIA SILVA;413;32462132, 32462133, 32462134;CAMARGOS;POINT (602748.48 7794860.98)
199;ACADEMIA DA CIDADE;ACADEMIA;ACADEMIA DA CIDADE SERRA VERDE;RUA;JOAO BATISTA FERNANDES;85;;SERRA VERDE;POINT (609254.10 7810483.35)
969;CENTRO DE CONTROLE DE ZOONOSES;CCZ;CENTRO DE CONTROLE DE ZOONOSES NORDESTE;RUA;ILACIR PEREIRA LIMA;578;;SILVEIRA;POINT (612002.01 7800443.75)
279;DISTRITO SANITARIO;DS;DISTRITO SANITARIO NORDESTE;RUA;ILACIR PEREIRA LIMA;678;;SILVEIRA;POINT (612001.99 7800443.77)
191;CENTRO DE SAUDE;CS;CENTRO DE SAUDE MARIA GORETTI;RUA;HERCULANO SOARES ROCHA;780;32776676, 32776677, 32779541;IPÊ;POINT (614669.02 7802809.45)
347;ACADEMIA DA CIDADE;ACADEMIA;ACADEMIA DA CIDADE SAO BERNARDO;RUA;MARIA AMELIA MAIA;270;;SÃO BERNARDO;POINT (610376.06 7805432.32)
823;SERVICO DE RESIDENCIA TERAPEUTICA;SRT;SERVICO DE RESIDENCIA TERAPEUTICA GUARANI;RUA;MARIA AMELIA MAIA;680;34454668;HELIÓPOLIS;POINT (611120.68 7805118.01)
305;ACADEMIA DA CIDADE;ACADEMIA;ACADEMIA DA CIDADE MINASCAIXA;RUA;JULITA NUNES LIMA;147;;CONJUNTO MINASCAIXA;POINT (609031.35 7809667.14)
800;SERVICO DE RESIDENCIA TERAPEUTICA;SRT;SERVICO DE RESIDENCIA TERAPEUTICA ANA FLOR;RUA;ICARAI;356;34117604;CAIÇARAS;POINT (607879.45 7798350.91)
173;ACADEMIA DA CIDADE;ACADEMIA;ACADEMIA DA CIDADE DIAMANTE;RUA;MARIA MARCOLINA SOUZA;40;;TEIXEIRA DIAS;POINT (602947.61 7789110.50)
172;CENTRO DE SAUDE;CS;CENTRO DE SAUDE DIAMANTE - TEIXEIRA DIAS;RUA;MARIA MARCOLINA SOUZA;40;32775933, 32779142, 32462064;TEIXEIRA DIAS;POINT (602947.61 7789110.50)
346;ANEXO DO CENTRO DE SAUDE;ANEXO CS;ANEXO DO CENTRO DE SAUDE NS DE FÁTIMA - ACABA MUNDO;RUA;DOS CARVALHOS;25;;ACABA MUNDO;POINT (612118.31 7792511.38)
438;ACADEMIA DA CIDADE;ACADEMIA;ACADEMIA DA CIDADE VILA BIQUINHAS;RUA;CORONEL JOAQUIM TIBURCIO;850;;HELIÓPOLIS;POINT (610968.21 7805602.19)
211;CENTRO DE SAUDE;CS;CENTRO DE SAUDE MILIONARIOS;RUA;DOS CRUZEIRENSES;30;32775934, 32775935, 32779079;MILIONÁRIOS;POINT (604695.60 7790296.20)
383;CENTRO DE CONTROLE DE ZOONOSES;CCZ;CENTRO DE CONTROLE DE ZOONOSES;RUA;EDNA QUENTEL;225;;SÃO BERNARDO;POINT (610496.74 7805092.57)
385;LABORATORIO;LABORATORIO;LABORATORIO ZOONOSES;RUA;EDNA QUENTEL;225;;SÃO BERNARDO;POINT (610496.74 7805092.57)
315;ACADEMIA DA CIDADE;ACADEMIA;ACADEMIA DA CIDADE RISOLETA NEVES;RUA;DAS GABIROBAS;1;;VILA CLÓRIS;POINT (610051.07 7808299.03)
381;CENTRO DE CONVIVENCIA;CC;CENTRO DE CONVIVENCIA OESTE;RUA;GENERAL ANDRADE NEVES;25;;GUTIERREZ;POINT (608704.41 7795847.48)
801;SERVICO DE RESIDENCIA TERAPEUTICA;SRT;SERVICO DE RESIDENCIA TERAPEUTICA JOSE CESAR;RUA;GENERAL ANDRADE NEVES;25;33347532;GUTIERREZ;POINT (608704.41 7795847.49)
505;ACADEMIA DA CIDADE;ACADEMIA;ACADEMIA DA CIDADE SAO FRANCISCO;RUA;MAJOR DELFINO DE PAULA;2553;;SÃO FRANCISCO;POINT (608952.32 7801335.02)
393;CENTRO DE SAUDE;CS;CENTRO DE SAUDE PARAISO;AVE;MEM DE SA;1001;32775227, 32775028, 32778253;PARAÍSO;POINT (614259.21 7796514.62)
321;CENTRO DE SAUDE;CS;CENTRO DE SAUDE SANTOS ANJOS;RUA;MIOSOTIS;15;32776026, 32776088;SANTO ANDRÉ;POINT (609224.98 7798694.20)
454;DISTRITO SANITARIO;DS;DISTRITO SANITARIO BARREIRO;AVE;OLINTO MEIRELES;327;;BAIRRO DAS INDÚSTRIAS I;POINT (603246.11 7791171.98)
163;CENTRO DE CONVIVENCIA;CC;CENTRO DE CONVIVENCIA CESAR CAMPOS;RUA;ORENOCO;68;;CARMO;POINT (611975.05 7794760.39)
382;CENTRO DE REFERENCIA EM SAUDE MENTAL;CERSAM;CENTRO DE REFERENCIA EM SAUDE MENTAL OESTE;RUA;OSCAR TROMPOWSKY;1325;;SÃO JORGE II;POINT (608545.38 7794563.92)
440;CENTRO DE SAUDE;CS;CENTRO DE SAUDE SAO JORGE;RUA;OSCAR TROMPOWSKY;1698;32777036, 32777037, 32776598;NOVA GRANADA;POINT (608318.43 7794279.07)
340;CENTRO DE SAUDE;CS;CENTRO DE SAUDE ERMELINDA;AVE;PAES DE ABREU;114;32776078, 32776081, 32776100, 32776109;ERMELINDA;POINT (609044.67 7800313.28)
368;CENTRO DE SAUDE;CS;CENTRO DE SAUDE SAO MARCOS;RUA;PAULISTA;571;32771147, 32771148, 32771113;FERNÃO DIAS;POINT (613623.48 7802423.56)
796;SERVICO DE RESIDENCIA TERAPEUTICA;SRT;SERVICO DE RESIDENCIA TERAPEUTICA ITAQUERA;RUA;DA PAZ;51;33713856;CALAFATE;POINT (606596.85 7796194.47)
296;UNIDADE DE PRONTO ATENDIMENTO;UPA;UNIDADE DE PRONTO ATENDIMENTO NORDESTE;RUA;JOAQUIM GOUVEIA;560;;SÃO PAULO;POINT (612500.59 7802941.18)
265;ACADEMIA DA CIDADE;ACADEMIA;ACADEMIA DA CIDADE SAO PAULO;RUA;AIURUOCA;501;;SÃO PAULO;POINT (612596.92 7802962.67)
264;CENTRO DE CONVIVENCIA;CC;CENTRO DE CONVIVENCIA SAO PAULO;RUA;AIURUOCA;501;;SÃO PAULO;POINT (612596.92 7802962.67)
192;CENTRO DE SAUDE;CS;CENTRO DE SAUDE SAO PAULO;RUA;AIURUOCA;455;32776674, 32776675;SÃO PAULO;POINT (612624.15 7802916.58)
1361;CENTRO DE ESTERILIZACAO DE CAES E GATOS;CECG;CENTRO DE ESTERILIZACAO DE CAES E GATOS LESTE;RUA;ANTONIO OLINTO;969;;POMPÉIA;POINT (614168.98 7798159.70)
330;UNIDADE DE PRONTO ATENDIMENTO;UPA;UNIDADE DE PRONTO ATENDIMENTO OESTE;AVE;BARAO HOMEM DE MELO;1710;;JARDIM AMÉRICA;POINT (607977.86 7793598.30)
1261;CENTRO DE REFERENCIA EM SAUDE MENTAL;CERSAM;CENTRO DE REFERENCIA EM SAUDE MENTAL PARA A INFANCIA E ADOLESCENCIA NOROESTE;RUA;BENFICA;415;;PADRE EUSTÁQUIO;POINT (607937.04 7797279.71)
289;CENTRO DE SAUDE;CS;CENTRO DE SAUDE BOM JESUS;RUA;BERNARDO CISNEIROS;559;32776004, 32776108, 32776054;APARECIDA;POINT (609322.22 7799823.71)
967;CENTRO DE CONTROLE DE ZOONOSES;CCZ;CENTRO DE APOIO ZOONOSES LESTE;RUA;MARCELINO RAMOS;325;;BOA VISTA;POINT (615424.36 7800210.48)
524;CENTRO DE SAUDE;CS;CENTRO DE SAUDE MANTIQUEIRA;RUA;CESAR SALLES BARBOSA;600;32775565, 32775564, 32775480;MANTIQUEIRA;POINT (606776.11 7810377.29)
262;CENTRO DE SAUDE;CS;CENTRO DE SAUDE SANTA CRUZ - PADRE FERNANDO DE MELLO;RUA;CONCEICAO VIDIGAL PAULUCCI;150;32776072, 32776073, 32467541;PALMARES;POINT (611139.90 7802316.90)
310;CENTRO DE SAUDE;CS;CENTRO DE SAUDE CARLOS PRATES;RUA;RIACHUELO;35;32778947, 32778385;CARLOS PRATES;POINT (608497.21 7797633.32)
292;ACADEMIA DA CIDADE;ACADEMIA;ACADEMIA DA CIDADE PARAISO;RUA;RIO PARDO;120;;SANTA EFIGÊNIA;POINT (614032.60 7796442.00)
209;ACADEMIA DA CIDADE;ACADEMIA;ACADEMIA DA CIDADE ERMELINDA;RUA;SANTA JUDITE;605;;APARECIDA SÉTIMA SEÇÃO;POINT (608851.55 7800489.34)
527;ACADEMIA DA CIDADE;ACADEMIA;ACADEMIA DA CIDADE SAGRADA FAMILIA;RUA;JOAO DE PAULA;375;;SAGRADA FAMÍLIA;POINT (613232.56 7799192.95)
684;ACADEMIA DA CIDADE;ACADEMIA;ACADEMIA DA CIDADE DOM BOSCO;RUA;TABAPUAM;514;;DOM BOSCO;POINT (604699.27 7797885.81)
1001;ANEXO DO CENTRO DE SAUDE;ANEXO CS;ANEXO DO CENTRO DE SAUDE VILA MARIA - JOAO VITAL;AVE;DOS SOCIAIS;305;32777952, 32468035;VILA MARIA;POINT (616689.73 7804430.50)
506;ACADEMIA DA CIDADE;ACADEMIA;ACADEMIA DA CIDADE SAO JOSE;RUA;JOAQUIM JOSE RIBEIRO;50;;MANACÁS;POINT (605146.41 7799258.49)
226;CENTRO DE SAUDE;CS;CENTRO DE SAUDE ETELVINA CARNEIRO;RUA;DOIS MIL QUATROCENTOS E DEZESSETE;235;32775502, 32775503, 32775400;ETELVINA CARNEIRO;POINT (611876.27 7808966.58)
433;CENTRO DE SAUDE;CS;CENTRO DE SAUDE SAO CRISTOVAO;RUA;ITAPECERICA;555;32776010, 32776011, 32776196;LAGOINHA;POINT (610486.71 7798294.00)
882;SERVICO DE RESIDENCIA TERAPEUTICA;SRT;CENTRO INTEGRADO DE APOIO A MULHER;RUA;ITAPECERICA;632;;LAGOINHA;POINT (610460.30 7798356.28)
273;CENTRO DE ESPECIALIDADES MEDICAS;CEM;CENTRO DE ESPECIALIDADES MEDICAS LESTE;RUA;JOAQUIM FELICIO;101;;SAGRADA FAMÍLIA;POINT (612214.18 7798323.34)
277;CENTRO DE ESPECIALIDADES MEDICAS;CEM;CENTRO DE ESPECIALIDADES MEDICAS NORDESTE;RUA;JOAQUIM FELICIO;101;;SAGRADA FAMÍLIA;POINT (612214.18 7798323.34)
274;CENTRAL DE ESTERILIZACAO;CEST;CENTRAL DE ESTERILIZACAO LESTE;RUA;JOAQUIM FELICIO;101;;SAGRADA FAMÍLIA;POINT (612214.18 7798323.34)
281;CENTRO DE TESTAGEM E ACONSELHAMENTO;CTA;CENTRO DE TESTAGEM E ACONSELHAMENTO SAGRADA FAMILIA;RUA;JOAQUIM FELICIO;141;;SAGRADA FAMÍLIA;POINT (612225.59 7798360.69)
512;FARMACIA DISTRITAL;FARMACIA;FARMACIA DISTRITAL LESTE;RUA;JOAQUIM FELICIO;141;;SAGRADA FAMÍLIA;POINT (612225.59 7798360.69)
275;UNIDADE DE REFERENCIA SECUNDARIA;URS;UNIDADE DE REFERENCIA SECUNDARIA SAGRADA FAMILIA;RUA;JOAQUIM FELICIO;101;;SAGRADA FAMÍLIA;POINT (612214.18 7798323.34)
400;SERVICO DE RESIDENCIA TERAPEUTICA;SRT;SERVICO DE RESIDENCIA TERAPEUTICA SANTA AMELIA;RUA;FARIA LOBATO;327;34419064;SANTA AMÉLIA;POINT (606569.52 7805126.71)
532;ACADEMIA DA CIDADE;ACADEMIA;ACADEMIA DA CIDADE VILA LEONINA;PCA;DO ENSINO;240;;ALPES;POINT (608285.53 7793061.49)
217;CENTRO DE SAUDE;CS;CENTRO DE SAUDE VILA LEONINA;PCA;DO ENSINO;240;32779632, 32779633, 32779637;ALPES;POINT (608285.52 7793061.48)
302;CENTRO DE SAUDE;CS;CENTRO DE SAUDE ITAIPU - JATOBA;RUA;WANDERLEY DE SALES BARBOSA;350;32775823, 32775822;MARILÂNDIA;POINT (599542.62 7788651.36)
294;ACADEMIA DA CIDADE;ACADEMIA;ACADEMIA DA CIDADE JAQUELINE;RUA;SENHORA DO BELO RAMO;26;;JAQUELINE;POINT (610996.72 7810032.19)
343;CENTRO DE SAUDE;CS;CENTRO DE SAUDE SANTA MONICA;RUA;DOS ZAPOTECAS;98;32779482, 32775526, 32775527;SANTA MÔNICA;POINT (607145.14 7807056.12)
402;ACADEMIA DA CIDADE;ACADEMIA;ACADEMIA DA CIDADE SERRANO;RUA;TOCANTINS;445;;CONJUNTO CELSO MACHADO;POINT (603587.09 7801003.61)
645;SERVICO DE RESIDENCIA TERAPEUTICA;SRT;SERVICO DE RESIDENCIA TERAPEUTICA CLARICE LISPECTOR;RUA;CLARICE LISPECTOR;119;34573571;SÃO JOÃO BATISTA;POINT (607702.93 7808138.54)
405;CENTRO DE SAUDE;CS;CENTRO DE SAUDE JOAO PINHEIRO;RUA;FREI LUIZ DE SOUZA;811;32779660, 32779661;JOÃO PINHEIRO;POINT (604286.19 7796229.04)
227;CENTRO DE ESTERILIZACAO DE CAES E GATOS;CECG;CENTRO DE ESTERILIZACAO DE CAES E GATOS NOROESTE;RUA;FREI LUIZ DE SOUZA;292;;JOÃO PINHEIRO;POINT (604639.85 7796009.41)
562;CENTRO DE ESPECIALIDADES MEDICAS;CEM;CENTRO DE ESPECIALIDADES MEDICAS BARREIRO;PCA;MODESTINO SALES BARBOSA;100;;FLÁVIO MARQUES LISBOA;POINT (604063.64 7788672.59)
563;CENTRO DE ESPECIALIDADES ODONTOLOGICAS;CEO;CENTRO DE ESPECIALIDADES ODONTOLOGICAS BARREIRO;PCA;MODESTINO SALES BARBOSA;100;;FLÁVIO MARQUES LISBOA;POINT (604063.64 7788672.59)
561;CENTRO DE SAUDE;CS;CENTRO DE SAUDE BARREIRO DE CIMA;PCA;MODESTINO SALES BARBOSA;100;32462006, 32772007;FLÁVIO MARQUES LISBOA;POINT (604063.64 7788672.59)
968;CENTRO DE SAUDE;CS;CENTRO DE SAUDE CIDADE OZANAN;RUA;DOUTOR FURTADO DE MENEZES;610;32776263, 32776264, 32779947;IPIRANGA;POINT (611777.51 7800952.61)
246;CENTRO DE SAUDE;CS;CENTRO DE SAUDE CIDADE OZANAN;RUA;DOUTOR FURTADO DE MENEZES;610;32776263, 32776264, 32779947;IPIRANGA;POINT (611777.51 7800952.61)
429;CENTRO DE REFERENCIA EM SAUDE MENTAL;CERSAM;CENTRO DE REFERENCIA EM SAUDE MENTAL PARA A INFANCIA E ADOLESCENCIA NORDESTE;PCA;MUQUI;191;;RENASCENÇA;POINT (611172.41 7800325.79)
320;CENTRAL DE ESTERILIZACAO;CEST;CENTRAL DE ESTERILIZACAO NORDESTE;RUA;JOAO LOURIVAL DIAS;325;;SILVEIRA;POINT (611953.80 7799674.60)
530;CENTRO DE REFERENCIA EM SAUDE MENTAL;CERSAM;CENTRO DE REFERENCIA EM SAUDE MENTAL NORDESTE;RUA;JOAO LOURIVAL DIAS;253;;SILVEIRA;POINT (611958.13 7799715.19)
188;CENTRO DE SAUDE;CS;CENTRO DE SAUDE BARREIRO - CARLOS RENATO DIAS;RUA;JOSE GONCALVES;375;32775901, 32779082, 32775900;BARREIRO;POINT (602254.69 7790914.63)
165;CENTRO DE SAUDE;CS;CENTRO DE SAUDE NOVO HORIZONTE;RUA;PEDRO ALEXANDRINO MENDONCA;127;32775602, 32775603, 32468527;CONJUNTO TAQUARIL;POINT (617512.83 7797054.57)
390;CENTRO DE TESTAGEM E ACONSELHAMENTO;CTA;CENTRO DE TESTAGEM E ACONSELHAMENTO SAE CENTRO SUL;RUA;DOS CAETES;466;;CENTRO;POINT (611125.49 7797412.92)
417;CENTRO DE SAUDE;CS;CENTRO DE SAUDE SAO MIGUEL ARCANJO;RUA;NOSSA SENHORA DE FATIMA;2640;32776412, 32776413;NOSSA SENHORA DE FÁTIMA;POINT (614865.10 7795372.69)
396;CENTRO DE SAUDE;CS;CENTRO DE SAUDE TREVO;RUA;CARLOS LACERDA;1010;32468008, 32468483;TREVO;POINT (603985.91 7806708.50)
380;ANEXO DO CENTRO DE SAUDE;ANEXO CS;ANEXO DO CENTRO DE SAUDE CAFEZAL;RUA;ENGENHEIRO LUCAS JULIO PROENCA;22;;SERRA;POINT (613847.36 7794984.54)
348;CENTRO DE SAUDE;CS;CENTRO DE SAUDE JARDIM GUANABARA;RUA;FANNY MARTINS DE BARROS;221;32776786, 32776787, 32777485;JARDIM GUANABARA;POINT (611757.27 7807143.48)
286;CENTRO DE SAUDE;CS;CENTRO DE SAUDE POMPEIA;RUA;LEOPOLDO GOMES;440;32775720, 32775764;POMPÉIA;POINT (614676.41 7797826.38)
212;CENTRO DE SAUDE;CS;CENTRO DE SAUDE SANTA RITA DE CASSIA;RUA;CRISTINA;961;32778827;SÃO PEDRO;POINT (611043.23 7794088.37)
1002;CENTRO DE REFERENCIA EM SAUDE MENTAL;CERSAM;CENTRO DE REFERENCIA EM SAUDE MENTAL ALCOOL E DROGAS VENDA NOVA;PCA;JOSE BELEM BARBOSA;60;;SÃO JOÃO BATISTA;POINT (608563.95 7807367.71)
841;SERVICO DE RESIDENCIA TERAPEUTICA;SRT;UNIDADE DE ACOLHIMENTO TRANSITORIO INFANTIL;RUA;EDSON;525;25520641;UNIÃO;POINT (612960.25 7801516.86)
463;ACADEMIA DA CIDADE;ACADEMIA;ACADEMIA DA CIDADE JARDIM FELICIDADE;RUA;CECILIA TRINDADE SILVA;10;;JARDIM FELICIDADE;POINT (612188.22 7806899.41)
522;CENTRO DE SAUDE;CS;CENTRO DE SAUDE JARDIM FELICIDADE;RUA;CECILIA TRINDADE SILVA;201;32776766, 32776767, 32776788;JARDIM FELICIDADE;POINT (612296.47 7806993.41)
254;ACADEMIA DA CIDADE;ACADEMIA;ACADEMIA DA CIDADE UNI-BH;AVE;PROFESSOR MARIO WERNECK;1685;;BURITIS;POINT (608314.43 7791423.38)
802;SERVICO DE RESIDENCIA TERAPEUTICA;SRT;SERVICO DE RESIDENCIA TERAPEUTICA CANTINHO DA PAZ;RUA;NILO APARECIDA PINTO;373;34585718;PLANALTO;POINT (609394.20 7806983.84)
462;CENTRO DE SAUDE;CS;CENTRO DE SAUDE JARDIM EUROPA;RUA;EDIMBURGO;140;32771812, 32771813;EUROPA;POINT (608187.04 7810271.44)
140;CENTRO DE REFERENCIA DE IMUNOBIOLOGICOS ESPECIAIS;CRIE;CENTRO DE REFERENCIA IMUNOBIOLOGICO ESPECIAL (CRIE CENTRO SUL);RUA;DOMINGOS VIEIRA;488;;SANTA EFIGÊNIA;POINT (612517.18 7796785.67)
149;UNIDADE DE PRONTO ATENDIMENTO;UPA;UNIDADE DE PRONTO ATENDIMENTO CENTRO SUL;RUA;DOMINGOS VIEIRA;488;;SANTA EFIGÊNIA;POINT (612517.22 7796785.56)
316;CENTRO DE SAUDE;CS;CENTRO DE SAUDE SERRA VERDE;PCA;FABRICIO SOARES DA SILVA;10;32775541, 32775507;SERRA VERDE;POINT (609600.00 7810819.91)
623;ACADEMIA DA CIDADE;ACADEMIA;ACADEMIA DA CIDADE NOVO OURO PRETO;RUA;GERALDINA CANDIDA DE JESUS;92;;OURO PRETO;POINT (605944.98 7801864.37)
795;SERVICO DE RESIDENCIA TERAPEUTICA;SRT;SERVICO DE RESIDENCIA TERAPEUTICA SERENA;RUA;JUSCELINO BARBOSA;122;33721321;CALAFATE;POINT (606781.75 7796346.48)
325;UNIDADE DE PRONTO ATENDIMENTO;UPA;UNIDADE DE PRONTO ATENDIMENTO BARREIRO;RUA;AURELIO LOPES;80;;DIAMANTE;POINT (602503.78 7788669.68)
411;ACADEMIA DA CIDADE;ACADEMIA;ACADEMIA DA CIDADE VILA PINHO;AVE;PERIMETRAL;800;;DISTRITO INDUSTRIAL DO JATOBÁ;POINT (601779.17 7788107.46)
514;ACADEMIA DA CIDADE;ACADEMIA;ACADEMIA DA CIDADE RIBEIRO DE ABREU;RUA;DIANOPOLIS;100;;RIBEIRO DE ABREU;POINT (615057.51 7806157.52)
237;CENTRO DE SAUDE;CS;CENTRO DE SAUDE RIBEIRO DE ABREU;RUA;DIANOPOLIS;180;32776660, 32776661, 32469502;RIBEIRO DE ABREU;POINT (615065.78 7806087.46)
799;SERVICO DE RESIDENCIA TERAPEUTICA;SRT;SERVICO DE RESIDENCIA TERAPEUTICA SANTA MONICA;RUA;JOSE MARIA BOTELHO;330;34502788;SANTA MÔNICA;POINT (607745.82 7807565.71)
243;CENTRO DE ESPECIALIDADES MEDICAS;CEM;CENTRO DE ESPECIALIDADES MEDICAS NOROESTE - PADRE EUSTAQUIO;RUA;PADRE EUSTAQUIO;1951;;PADRE EUSTÁQUIO;POINT (607730.70 7797580.87)
239;CENTRAL DE ESTERILIZACAO;CEST;CENTRAL DE ESTERILIZACAO NOROESTE;RUA;PADRE EUSTAQUIO;1951;;PADRE EUSTÁQUIO;POINT (607730.70 7797580.87)
662;CENTRO DE REABILITACAO;CREAB;CENTRO DE REABILITACAO NOROESTE;RUA;PADRE EUSTAQUIO;1951;;PADRE EUSTÁQUIO;POINT (607730.70 7797580.87)
240;FARMACIA DISTRITAL;FARMACIA;FARMACIA DISTRITAL NOROESTE;RUA;PADRE EUSTAQUIO;1951;;PADRE EUSTÁQUIO;POINT (607730.70 7797580.87)
241;LABORATORIO;LABORATORIO;LABORATORIO DISTRITAL NOROESTE;RUA;PADRE EUSTAQUIO;1951;;PADRE EUSTÁQUIO;POINT (607730.70 7797580.87)
242;UNIDADE DE REFERENCIA SECUNDARIA;URS;UNIDADE DE REFERENCIA SECUNDARIA PADRE EUSTAQUIO;RUA;PADRE EUSTAQUIO;1951;;PADRE EUSTÁQUIO;POINT (607730.70 7797580.87)
301;CENTRO DE REFERENCIA EM SAUDE MENTAL;CERSAM;CENTRO DE REFERENCIA EM SAUDE MENTAL NORTE;RUA;PARNAIBA;568;;MINASLÂNDIA;POINT (611759.87 7804652.77)
258;CENTRO DE SAUDE;CS;CENTRO DE SAUDE VILA CEMIG;RUA;COLETIVO;68;32775940, 32775882, 32771366, 32775941;VILA CEMIG;POINT (605401.71 7788430.99)
184;CENTRO DE SAUDE;CS;CENTRO DE SAUDE SANTA ROSA;AVE;BUENO SIQUEIRA;100;32771578, 32771579;SANTA ROSA;POINT (610616.52 7802939.90)
423;CENTRO DE SAUDE;CS;CENTRO DE SAUDE SAO JOSE OPERARIO;RUA;SIMAO PEREIRA;73;32775784, 32775693, 32775733;NOVA VISTA;POINT (615325.12 7800573.85)
441;CENTRO DE SAUDE;CS;CENTRO DE SAUDE MANGUEIRAS;RUA;CHAFARIZ;4;32462004, 32462003, 32462019;PETRÓPOLIS;POINT (601365.88 7786688.99)
313;CENTRO DE SAUDE;CS;CENTRO DE SAUDE SERRANO;RUA;SAO JOSE DA SAFIRA;99;32777160, 32778400, 32773011;CONJUNTO CELSO MACHADO;POINT (603626.18 7800980.40)
460;CENTRAL DE ESTERILIZACAO;CEST;CENTRAL DE ESTERILIZACAO BARREIRO;RUA;AZARIAS DUARTE;200;;DIAMANTE;POINT (602536.74 7788555.43)
312;ACADEMIA DA CIDADE;ACADEMIA;ACADEMIA DA CIDADE PARAUNA;RUA;JOAO FERREIRA DA SILVA;1700;;MARIA HELENA;POINT (605589.01 7810200.81)
448;CENTRO DE SAUDE;CS;CENTRO DE SAUDE PARAUNA - VENDA NOVA;RUA;JOAO FERREIRA DA SILVA;248;32772802, 32775569, 32775568;MANTIQUEIRA;POINT (605880.06 7810068.37)
293;FARMACIA DISTRITAL;FARMACIA;FARMACIA DISTRITAL;AVE;PORTUGAL;4832;;JARDIM ATLÂNTICO;POINT (609203.43 7805402.15)
222;CENTRO DE SAUDE;CS;CENTRO DE SAUDE JARDIM ALVORADA;RUA;ENGENHO DO SOL;580;32777130, 32778432, 32778456;ENGENHO NOGUEIRA;POINT (606398.82 7799948.79)
189;CENTRO DE CONVIVENCIA;CC;CENTRO DE CONVIVENCIA BARREIRO;RUA;PINHEIRO CHAGAS;252;;BARREIRO;POINT (603245.78 7790523.02)
187;CENTRO DE REFERENCIA EM SAUDE DO TRABALHADOR;CERSAT;CENTRO DE REFERENCIA EM SAUDE DO TRABALHADOR BARREIRO;RUA;PINHEIRO CHAGAS;125;;BARREIRO;POINT (603220.51 7790653.40)
337;CENTRO DE SAUDE;CS;CENTRO DE SAUDE MIRAMAR - EDUARDO MAURO DE ARAUJO;RUA;ERIDANO;540;32775936, 32775937;MIRAMAR;POINT (603393.73 7788476.95)
235;CENTRO DE SAUDE;CS;CENTRO DE SAUDE INDEPENDENCIA;RUA;MARIA ANTONIETA FERREIRA;151;32775850, 32775851, 32779116;INDEPENDÊNCIA;POINT (601300.73 7786035.54)
431;ACADEMIA DA CIDADE;ACADEMIA;ACADEMIA DA CIDADE UNIVERSITARIO;RUA;ARISTOTELES RIBEIRO VASCONCELOS;87;;SANTA ROSA;POINT (610701.89 7803128.63)
443;CENTRO DE SAUDE;CS;CENTRO DE SAUDE NOVO AARAO REIS;AVE;DETETIVE EDUARDO FERNANDES;205;32776640, 32776763, 32776652;NOVO AARÃO REIS;POINT (614267.00 7805712.66)
208;CENTRO DE SAUDE;CS;CENTRO DE SAUDE VALE DO JATOBA;RUA;LUIZ LEITE DE FARIA;171;32775854, 32775855, 32771505;VALE DO JATOBÁ;POINT (600814.34 7787093.50)
437;SERVICO DE RESIDENCIA TERAPEUTICA;SRT;SERVICO DE RESIDENCIA TERAPEUTICA SANTA BRANCA;RUA;HELCIO PAIVA;179;34928433;SANTA MÔNICA;POINT (608070.82 7807030.73)
430;CENTRO DE SAUDE;CS;CENTRO DE SAUDE CONJUNTO RIBEIRO DE ABREU - EFIGENIA MURTA FIGUEIREDO;RUA;SERRA DO CIPO;170;32776664, 32776665;RIBEIRO DE ABREU;POINT (615327.33 7807428.86)
152;ACADEMIA DA CIDADE;ACADEMIA;ACADEMIA DA CIDADE OSWALDO CRUZ;RUA;DOS GOITACAZES;1550;;BARRO PRETO;POINT (609746.59 7797054.21)
332;CENTRO DE SAUDE;CS;CENTRO DE SAUDE SAO JOSE;RUA;VIOLETA DE MELO;655;32777214, 32778449, 32778569;JARDIM SÃO JOSÉ;POINT (604790.78 7799230.61)
223;CENTRO DE CONVIVENCIA;CC;CENTRO DE CONVIVENCIA PAMPULHA;RUA;ENGENHEIRO PEDRO BAX;220;;SANTA AMÉLIA;POINT (607465.23 7806238.42)
513;UNIDADE DE PRONTO ATENDIMENTO;UPA;UNIDADE DE PRONTO ATENDIMENTO LESTE;AVE;DOS ANDRADAS;7450;;VERA CRUZ;POINT (615475.65 7798587.82)
367;ACADEMIA DA CIDADE;ACADEMIA;ACADEMIA DA CIDADE DOM JOAQUIM;RUA;LAURO GOMES VIDAL;525;;DOM JOAQUIM;POINT (613311.26 7801669.52)
278;CENTRO DE SAUDE;CS;CENTRO DE SAUDE HELIOPOLIS;RUA;DOS BENEDITINOS;120;32777402, 32777403, 32777417;HELIÓPOLIS;POINT (610782.17 7805422.76)
263;FARMACIA DISTRITAL;FARMACIA;FARMACIA DISTRITAL NORDESTE;RUA;QUELUZITA;140;;SÃO PAULO;POINT (612700.13 7802401.90)
143;LABORATORIO;LABORATORIO;LABORATORIO BROMATOLOGIA;RUA;RIO GRANDE DO NORTE;1179;;SAVASSI;POINT (611772.58 7795275.22)
144;CENTRO DE REFERENCIA EM SAUDE DO TRABALHADOR;CERSAT;CENTRO DE REFERENCIA EM SAUDE DO TRABALHADOR;RUA;RIO GRANDE DO NORTE;1179;;SAVASSI;POINT (611772.58 7795275.22)
965;CENTRO DE REFERENCIA EM SAUDE MENTAL;CERSAM;CENTRO DE REFERENCIA EM SAUDE MENTAL PARA USUARIOS DE ALCOOL E DROGAS CENTRO SUL;ALA;EZEQUIEL DIAS;365;;SANTA EFIGÊNIA;POINT (611792.63 7796413.00)
386;CENTRO DE SAUDE;CS;CENTRO DE SAUDE URUCUIA;RUA;NELSON DE PAULA PIRES;325;32775938, 32771356, 32775939;PONGELUPE;POINT (603750.63 7787148.79)
432;ACADEMIA DA CIDADE;ACADEMIA;ACADEMIA DA CIDADE MERCADO DA LAGOINHA;AVE;PRESIDENTE ANTONIO CARLOS;821;;LAGOINHA;POINT (610402.79 7798716.28)
245;DISTRITO SANITARIO;DS;DISTRITO SANITARIO PAMPULHA;AVE;PRESIDENTE ANTONIO CARLOS;7596;;SÃO LUÍZ;POINT (608858.29 7804115.39)
244;FARMACIA DISTRITAL;FARMACIA;FARMACIA DISTRITAL PAMPULHA;AVE;PRESIDENTE ANTONIO CARLOS;7596;;SÃO LUÍZ;POINT (608858.29 7804115.39)
178;CENTRO DE SAUDE;CS;CENTRO DE SAUDE NORALDINO DE LIMA;AVE;AMAZONAS;4373;32777042, 32777043, 32776819;NOVA SUISSA;POINT (607488.88 7795886.56)
354;CENTRO DE SAUDE;CS;CENTRO DE SAUDE WALDOMIRO LOBO;AVE;AMAZONAS;8889;32779065, 32779102, 32779108;MADRE GERTRUDES;POINT (604109.37 7794223.33)
353;LABORATORIO;LABORATORIO;LABORATORIO DISTRITAL OESTE - BARREIRO;AVE;AMAZONAS;8889;;MADRE GERTRUDES;POINT (604109.37 7794223.33)
793;SERVICO DE RESIDENCIA TERAPEUTICA;SRT;SERVICO DE RESIDENCIA TERAPEUTICA SERPENTINA;RUA;AMARO RIBEIRO COELHO;56;34133506;ALTO CAIÇARAS;POINT (607139.27 7799469.18)
224;ACADEMIA DA CIDADE;ACADEMIA;ACADEMIA DA CIDADE CAMPO ALEGRE;RUA;OSORIO DUQUE ESTRADA;491;;CAMPO ALEGRE;POINT (610452.83 7807258.35)
435;CENTRO DE SAUDE;CS;CENTRO DE SAUDE SAO FRANCISCO;RUA;VIANA DO CASTELO;485;32777844, 32777845;SÃO FRANCISCO;POINT (609569.49 7801808.96)
861;CENTRO DE REFERENCIA EM SAUDE MENTAL;CERSAM;CENTRO DE REFERENCIA EM SAUDE MENTAL ALCOOL E DROGAS BARREIRO;RUA;BARAO DO MONTE ALTO;211;;CARDOSO;POINT (603936.69 7788387.49)
230;CENTRO DE TREINAMENTO E REFERENCIA DE DOENCAS IMUNO-PARASITARIAS;CTR;CENTRO DE TREINAMENTO E REFERENCIA DE DOENCAS IMUNO-PARASITA;ALA;VEREADOR ALVARO CELSO;241;;SANTA EFIGÊNIA;POINT (611953.89 7796661.73)
741;LABORATORIO;LABORATORIO;LABORATORIO DE INFECCOES SEXUALMENTE TRANSMISSIVEIS;ALA;VEREADOR ALVARO CELSO;241;;SANTA EFIGÊNIA;POINT (611953.89 7796661.73)
298;ACADEMIA DA CIDADE;ACADEMIA;ACADEMIA DA CIDADE SANTA CRUZ;AVE;BERNARDO DE VASCONCELOS;1377;;SANTA CRUZ;POINT (611060.66 7801122.65)
351;DISTRITO SANITARIO;DS;DISTRITO SANITARIO VENDA NOVA;RUA;ERICO VERISSIMO;1428;;RIO BRANCO;POINT (607278.27 7808598.05)
309;ANEXO DO CENTRO DE SAUDE;ANEXO CS;ANEXO DO CENTRO DE SAUDE GLORIA;RUA;BARBOSA;148;32778428;SÃO SALVADOR;POINT (602939.77 7799762.57)
151;CENTRO DE ESPECIALIDADES ODONTOLOGICAS;CEO;CENTRO DE ESPECIALIDADES ODONTOLOGICAS PARACATU;RUA;PARACATU;214;;BARRO PRETO;POINT (609732.40 7797059.54)
236;CENTRO DE SAUDE;CS;CENTRO DE SAUDE CONJUNTO PAULO VI;RUA;DAS ALMAS;122;32777496, 32777497, 32771336;CONJUNTO PAULO VI;POINT (616962.82 7806612.36)
404;CENTRO DE SAUDE;CS;CENTRO DE SAUDE ANDRADAS;RUA;MARIANA AMELIA DE AZEVEDO;21;32778891, 32779481;SÃO JOÃO BATISTA;POINT (608597.77 7808113.98)
225;ACADEMIA DA CIDADE;ACADEMIA;ACADEMIA DA CIDADE JATOBA IV;AVE;HAYDEE ABRAS HOMSSI;560;;CDI JATOBÁ;POINT (600199.87 7787958.25)
456;ACADEMIA DA CIDADE;ACADEMIA;ACADEMIA DA CIDADE VILA FATIMA;BEC;DONA BENTA;145;;NOSSA SENHORA DE FÁTIMA;POINT (614665.99 7795403.52)
229;CENTRO DE SAUDE;CS;CENTRO DE SAUDE PILAR - OLHOS DAGUA;RUA;SAO PEDRO DA ALDEIA;455;32778240, 32778241;SERRA DO CURRAL;POINT (608070.79 7788224.04)
373;SERVICO DE RESIDENCIA TERAPEUTICA;SRT;SERVICO DE RESIDENCIA TERAPEUTICA PAMPULHA;AVE;DOM ORIONE;200;34432634;SÃO LUÍZ;POINT (607026.99 7803303.66)
425;CENTRO DE REFERENCIA EM SAUDE MENTAL;CERSAM;CENTRO DE REFERENCIA EM SAUDE MENTAL LESTE;RUA;PIRITE;150;;SANTA TEREZA;POINT (613944.73 7797863.46)
182;CENTRO DE SAUDE;CS;CENTRO DE SAUDE HAVAI;RUA;PAULO DINIZ CARNEIRO;742;32779640, 32779641, 32776484;HAVAÍ;POINT (607489.61 7791900.09)
642;CENTRO DE ESTERILIZACAO DE CAES E GATOS;CECG;CENTRO DE ESTERILIZACAO DE CAES E GATOS BARREIRO;RUA;ANTONIO PRACA PIEDADE;105;;BONSUCESSO;POINT (605415.63 7789989.23)
344;ACADEMIA DA CIDADE;ACADEMIA;ACADEMIA DA CIDADE HAVAI;AVE;COSTA DO MARFIM;480;;HAVAÍ;POINT (607687.04 7792229.58)
329;CENTRO DE SAUDE;CS;CENTRO DE SAUDE LINDEIA - MARIA MADALENA TEODORO;RUA;FLOR DE MAIO;172;32779112, 32775824, 32775825;LINDÉIA;POINT (599738.26 7790540.15)
529;ACADEMIA DA CIDADE;ACADEMIA;ACADEMIA DA CIDADE JARDIM VITORIA;RUA;HENRIQUETA LISBOA;150;;VITÓRIA;POINT (617046.91 7803669.58)
395;SERVICO DE URGENCIA PSIQUIATRICA NOTURNA;SUP;SERVICO DE URGENCIA PSIQUIATRICO;RUA;MANOEL ALEXANDRINO;541;;SÃO PAULO;POINT (612529.62 7802974.93)
205;CENTRO DE SAUDE;CS;CENTRO DE SAUDE VENTOSA;RUA;CORCOVADO;1522;32779630, 32779631, 32776479;JARDIM AMÉRICA;POINT (607604.54 7793627.31)
803;SERVICO DE RESIDENCIA TERAPEUTICA;SRT;SERVICO DE RESIDENCIA TERAPEUTICA CORCOVADO;RUA;CORCOVADO;1440;25516464;JARDIM AMÉRICA;POINT (607578.92 7793688.11)
247;ACADEMIA DA CIDADE;ACADEMIA;ACADEMIA DA CIDADE FAZENDINHA;RUA;ENEIDA;1485;;COQUEIROS;POINT (602400.39 7799466.74)
248;CENTRO DE SAUDE;CS;CENTRO DE SAUDE GLORIA;RUA;ENEIDA;955;32777126, 32777176;NOVO GLÓRIA;POINT (602912.08 7799107.74)
942;CENTRO DE SAUDE;CS;CENTRO DE SAUDE COQUEIROS;RUA;ENEIDA;1583;32778428, 32777120, 32777121;COQUEIROS;POINT (602345.55 7799533.53)
455;CENTRO DE ESPECIALIDADES MEDICAS;CEM;CENTRO DE ESPECIALIDADES MEDICAS NORTE;RUA;PROFESSOR HERMINIO GUERRA;75;;ITAPOÃ;POINT (608447.24 7805812.81)
148;FARMACIA DISTRITAL;FARMACIA;FARMACIA DISTRITAL CENTRO SUL;RUA;PERNAMBUCO;237;;FUNCIONÁRIOS;POINT (611664.32 7795968.88)
287;ACADEMIA DA CIDADE;ACADEMIA;ACADEMIA DA CIDADE GOIANIA;RUA;TIZIU;175;;GOIÂNIA;POINT (615292.75 7802753.90)
442;ACADEMIA DA CIDADE;ACADEMIA;ACADEMIA DA CIDADE CALIFORNIA;RUA;DOS VIOLOES;570;;CONJUNTO CALIFÓRNIA I;POINT (603906.55 7797006.26)
290;ANEXO DO CENTRO DE SAUDE;ANEXO CS;ANEXO DO CENTRO DE SAUDE CALIFORNIA;RUA;DOS VIOLOES;570;;CONJUNTO CALIFÓRNIA I;POINT (603906.56 7797006.24)
232;ACADEMIA DA CIDADE;ACADEMIA;ACADEMIA DA CIDADE JARDIM BELMONTE;RUA;PAPA HONORIO III;8;;BELMONTE;POINT (614607.46 7804665.67)
231;CENTRO DE SAUDE;CS;CENTRO DE SAUDE OLAVO ALBINO CORREA;RUA;PAPA HONORIO III;8;32776795, 32777961;BELMONTE;POINT (614607.46 7804665.67)
782;SERVICO DE RESIDENCIA TERAPEUTICA;SRT;SERVICO DE RESIDENCIA TERAPEUTICA HELIOPOLIS;RUA;MONSENHOR NEGROMONTE;170;34947213;PLANALTO;POINT (609201.41 7807172.35)
783;SERVICO DE RESIDENCIA TERAPEUTICA;SRT;SERVICO DE RESIDENCIA TERAPEUTICA PLANALTO;RUA;MONSENHOR NEGROMONTE;181;34951332;PLANALTO;POINT (609213.06 7807196.37)
622;ACADEMIA DA CIDADE;ACADEMIA;ACADEMIA DA CIDADE JARDIM ALVORADA;RUA;FLOR DAS COBRAS;10;;JARDIM ALVORADA;POINT (606119.56 7798913.99)
270;CENTRO DE DIAGNOSTICO POR IMAGEM;CDI;CENTRO DE DIAGNOSTICO POR IMAGEM;RUA;PROFESSOR OCTAVIO COELHO DE MAGALHAES;111;;MANGABEIRAS;POINT (613322.22 7793819.58)
271;CENTRO DE REABILITACAO;CREAB;CENTRO GERAL DE REABILITACAO ;RUA;PROFESSOR OCTAVIO COELHO DE MAGALHAES;111;;MANGABEIRAS;POINT (613322.22 7793819.58)
406;CENTRO DE SAUDE;CS;CENTRO DE SAUDE GOIANIA;RUA;POMBA;677;32776653, 32776669, 32779491;GOIÂNIA;POINT (615404.50 7803251.15)
361;ACADEMIA DA CIDADE;ACADEMIA;ACADEMIA DA CIDADE URUCUIA;RUA;ULISSES SURETTE;386;;NOVO SANTA CECÍLIA;POINT (603240.78 7787480.68)
451;CENTRO DE SAUDE;CS;CENTRO DE SAUDE JARDIM VITÓRIA - MARCELO PONTEL GOMES;RUA;BRANCA;15;32777474, 32779988, 32778028;VITÓRIA;POINT (617025.38 7803656.15)
370;CENTRAL DE ESTERILIZACAO;CEST;CENTRAL DE ESTERILIZACAO CENTRO SUL;RUA;CORONEL JORGE DAVIS;500;;NOSSA SENHORA DO ROSÁRIO;POINT (613463.22 7795451.52)
369;CENTRO DE SAUDE;CS;CENTRO DE SAUDE NOSSA SENHORA DA CONCEICAO - PADRE TARCISIO;RUA;CORONEL JORGE DAVIS;500;32778250, 32778264;NOSSA SENHORA DO ROSÁRIO;POINT (613463.22 7795451.52)
391;CENTRO DE ESPECIALIDADES ODONTOLOGICAS;CEO;CENTRO DE ESPECIALIDADES ODONTOLOGICAS CENTRO SUL;RUA;DOS CARIJOS;528;;CENTRO;POINT (610899.67 7797183.83)
389;UNIDADE DE DISPENSACAO DE MEDICAMENTOS;UDM;UDM;RUA;DOS CARIJOS;528;;CENTRO;POINT (610899.67 7797183.83)
883;SERVICO DE RESIDENCIA TERAPEUTICA;SRT;CASA DE APOIO BH DE MAOS DADAS;RUA;ALEM PARAIBA;181;;BONFIM;POINT (610563.52 7798037.02)
142;CENTRAL DE ATENDIMENTO AO VIAJANTE;CAV;CENTRAL DE ATENDIMENTO AO VIAJANTE;RUA;PARAIBA;890;;SAVASSI;POINT (611631.43 7795429.86)
139;CENTRO DE ESPECIALIDADES MEDICAS;CEM;CENTRO DE ESPECIALIDADES MEDICAS CENTRO SUL;RUA;PARAIBA;890;;SAVASSI;POINT (611631.26 7795429.86)
141;UNIDADE DE REFERENCIA SECUNDARIA;URS;UNIDADE DE REFERENCIA SECUNDARIA CENTRO SUL;RUA;PARAIBA;890;;SAVASSI;POINT (611631.43 7795430.03)
328;ANEXO DO CENTRO DE SAUDE;ANEXO CS;ANEXO DO CENTRO DE SAUDE SANTA ROSA;RUA;DOS OTIS;60;;SUZANA;POINT (611698.18 7803159.58)
388;FARMACIA DISTRITAL;FARMACIA;FARMACIA DISTRITAL VENDA NOVA;RUA;HAIA;148;;EUROPA;POINT (608103.21 7810004.82)
420;ACADEMIA DA CIDADE;ACADEMIA;ACADEMIA DA CIDADE MILIONARIOS;RUA;DAVID FONSECA;1386;;MILIONÁRIOS;POINT (604414.93 7790035.24)
881;SERVICO DE RESIDENCIA TERAPEUTICA;SRT;UNIDADE DE ACOLHIMENTO TRANSITORIA ADULTO;RUA;ADOLFO CIOLETTI;855;25202833;CARDOSO;POINT (603513.22 7787563.71)
158;CENTRO DE SAUDE;CS;CENTRO DE SAUDE TAQUARIL;RUA;DESEMBARGADOR BRAULIO;2200;32771127, 32775604, 32775634;TAQUARIL;POINT (616399.44 7797174.66)
521;ACADEMIA DA CIDADE;ACADEMIA;ACADEMIA DA CIDADE TUNEL DE IBIRITE;RUA;WALDIR CESAR BRANQUINHO;111;;TÚNEL DE IBIRITÉ;POINT (599760.62 7789564.91)
207;CENTRO DE SAUDE;CS;CENTRO DE SAUDE LISANDRA ANGELICA DAVID JUSTINO - TUNEL DE IBIRITE;RUA;WALDIR CESAR BRANQUINHO;121;32779123, 32775964;TÚNEL DE IBIRITÉ;POINT (599750.57 7789562.51)
299;DISTRITO SANITARIO;DS;DISTRITO SANITARIO LESTE;RUA;SALINAS;1470;;SANTA TEREZA;POINT (612908.27 7797554.82)
259;CENTRO DE SAUDE;CS;CENTRO DE SAUDE SAO TOMAZ;RUA;SANTA ROSA;54;32777997, 32777347, 32771556;VILA SÃO TOMÁZ;POINT (609592.42 7805325.67)
791;SERVICO DE RESIDENCIA TERAPEUTICA;SRT;SERVICO DE RESIDENCIA TERAPEUTICA BARREIRO;RUA;TELESCOPIO;151;33213962;MIRAMAR;POINT (603481.50 7788697.10)
175;CENTRO DE SAUDE;CS;CENTRO DE SAUDE DOM CABRAL;PCA;DA COMUNIDADE;50;32779664, 32779665, 32776487;DOM CABRAL;POINT (604802.30 7796723.19)
176;CENTRO DE ESTERILIZACAO DE CAES E GATOS;CECG;CENTRO DE ESTERILIZACAO DE CAES E GATOS OESTE;RUA;ALEXANDRE SIQUEIRA;375;;SALGADO FILHO;POINT (606738.40 7793898.14)
794;SERVICO DE RESIDENCIA TERAPEUTICA;SRT;SERVICO DE RESIDENCIA TERAPEUTICA JOAO PINHEIRO;RUA;BACURI;302;33751593;JOÃO PINHEIRO;POINT (604626.14 7796196.96)
515;CENTRO DE SAUDE;CS;CENTRO DE SAUDE JARDIM FILADELFIA;RUA;CAITITE;319;32777142, 32778305;CONJUNTO JARDIM FILADÉLFIA;POINT (603706.53 7798211.72)
179;CENTRO DE SAUDE;CS;CENTRO DE SAUDE SALGADO FILHO;RUA;CAMPINA VERDE;375;32776478, 32779603, 32776582;SALGADO FILHO;POINT (606217.30 7794392.15)
378;CENTRO DE ESPECIALIDADES MEDICAS;CEM;CENTRO DE ESPECIALIDADES MEDICAS OESTE;RUA;CAMPOS SALES;472;;CALAFATE;POINT (607002.22 7796234.01)
375;CENTRAL DE ESTERILIZACAO;CEST;CENTRAL DE ESTERILIZACAO OESTE;RUA;CAMPOS SALES;472;;CALAFATE;POINT (607002.22 7796234.01)
376;FARMACIA DISTRITAL;FARMACIA;FARMACIA DISTRITAL OESTE;RUA;CAMPOS SALES;472;;CALAFATE;POINT (607002.22 7796234.01)
377;UNIDADE DE REFERENCIA SECUNDARIA;URS;UNIDADE DE REFERENCIA SECUNDARIA CAMPOS SALES;RUA;CAMPOS SALES;472;;CALAFATE;POINT (607002.22 7796234.01)
250;CENTRO DE SAUDE;CS;CENTRO DE SAUDE PADRE JOAQUIM MAIA;RUA;BOAVENTURA;1900;32777433, 32777874, 32777886;VILA RICA;POINT (609458.20 7804148.76)
374;CENTRO DE SAUDE;CS;CENTRO DE SAUDE VILAS REUNIDAS - LEOPOLDO CRISOSTOMO DE CASTRO;RUA;LEONCIO CHAGAS;157;32775790, 32775791, 32779007;UNIÃO;POINT (612954.55 7800984.65)
397;UNIDADE DE PRONTO ATENDIMENTO;UPA;UNIDADE DE PRONTO ATENDIMENTO PAMPULHA;AVE;SANTA TEREZINHA;515;;SANTA TEREZINHA;POINT (604574.98 7802533.58)
1041;ANEXO DO CENTRO DE SAUDE;ANEXO CS;ANEXO DO CENTRO DE SAUDE TAQUARIL;AVE;SANTA TEREZA;612;;TAQUARIL;POINT (617003.82 7796876.54)
467;ACADEMIA DA CIDADE;ACADEMIA;ACADEMIA DA CIDADE CAMPO RIVIERA;RUA;ITAGUA;360;;ALTO VERA CRUZ;POINT (616064.32 7798745.53)
214;CENTRO DE SAUDE;CS;CENTRO DE SAUDE FLORAMAR;RUA;IGARAUNAS;15;32776768, 32776769, 32777483;FLORAMAR;POINT (611649.54 7805917.26)
457;CENTRO DE SAUDE;CS;CENTRO DE SAUDE CACHOEIRINHA;RUA;BORBOREMA;1325;32776006, 32776007, 32776218;CACHOEIRINHA;POINT (610436.79 7799960.43)
649;SERVICO DE RESIDENCIA TERAPEUTICA;SRT;SERVICO DE RESIDENCIA TERAPEUTICA TRES PONTAS;RUA;TRES PONTAS;314;25263464;CARLOS PRATES;POINT (609096.14 7797960.90)
784;SERVICO DE RESIDENCIA TERAPEUTICA;SRT;SERVICO DE RESIDENCIA TERAPEUTICA PADRE EUSTAQUIO;RUA;TRES PONTAS;1142;34624711;CARLOS PRATES;POINT (608292.01 7797979.62)
943;CENTRO DE SAUDE;CS;CENTRO DE SAUDE PINDORAMA ELZA MARTINS;RUA;RUTILO;10;32779817, 32778567, 32777542;PINDORAMA;POINT (602487.48 7798357.49)
291;ACADEMIA DA CIDADE;ACADEMIA;ACADEMIA DA CIDADE COQUEIRAL;RUA;RAINHA DAS FLORES;100;;VILA COQUEIRAL;POINT (602065.24 7797503.43)
261;CENTRO DE SAUDE;CS;CENTRO DE SAUDE SANTA MARIA;RUA;DAS PEROLAS;123;32779133, 32779145;SANTA MARIA;POINT (602874.47 7795594.67)
195;CENTRO DE SAUDE;CS;CENTRO DE SAUDE SANTO ANTONIO;RUA;IRINEU PINTO;255;32775562, 32771867;VENDA NOVA;POINT (609035.63 7808350.65)
183;DISTRITO SANITARIO;DS;DISTRITO SANITARIO NORTE;RUA;PASTOR MURYLLO CASSETE;20;;SÃO BERNARDO;POINT (611559.51 7804765.95)
422;CENTRO DE SAUDE;CS;CENTRO DE SAUDE SANTA INES;RUA;ITUMIRIM;50;32775710, 32779954;SANTA INÊS;POINT (614495.44 7800567.05)
180;CENTRO DE SAUDE;CS;CENTRO DE SAUDE VILA PINHO;RUA;OTAVIANO DE CARVALHO;174;32775856, 32775857;VILA PINHO;POINT (601864.80 7788134.62)
322;CENTRO DE SAUDE;CS;CENTRO DE SAUDE MG-20;RUA;PADRE ARGEMIRO MOREIRA;11900;32776732, 32776735, 32776739;MARIA TERESA;POINT (616846.74 7808454.87)
685;ACADEMIA DA CIDADE;ACADEMIA;ACADEMIA DA CIDADE ANDRADAS CREAB;RUA;ELCE RIBEIRO;349;;SÃO JOÃO BATISTA;POINT (608561.92 7808128.16)
523;CENTRO DE REABILITACAO;CREAB;CENTRO DE REABILITAÇÃO DE VENDA NOVA;RUA;ELCE RIBEIRO;349;;SÃO JOÃO BATISTA;POINT (608551.49 7808135.97)
193;CENTRO DE SAUDE;CS;CENTRO DE SAUDE PAULO VI - MARIVANDA BALEEIRO;RUA;TRES MIL E SETENTA E QUATRO;555;32777494, 32777495, 32771319;PAULO VI;POINT (616348.24 7805626.44)
297;CENTRO DE SAUDE;CS;CENTRO DE SAUDE VILA MARIA - JOAO VITAL;RUA;DOIS MIL QUATROCENTOS E SESSENTA E SEIS;30;32468036, 32468037, 32777937;JARDIM VITÓRIA;POINT (617365.23 7805407.52)
213;CENTRO DE SAUDE;CS;CENTRO DE SAUDE TUPI;RUA;JORGE AMADO;91;32776772, 32776773, 32778555;TUPI A;POINT (612814.53 7806322.41)
412;ACADEMIA DA CIDADE;ACADEMIA;ACADEMIA DA CIDADE LINDEIA;RUA;DAS PETUNIAS;547;;LINDÉIA;POINT (599209.52 7791092.63)
345;CENTRO DE SAUDE;CS;CENTRO DE SAUDE JARDIM MONTANHES;RUA;LEOPOLDO PEREIRA;407;32777212, 32777213, 32778389;JARDIM MONTANHÊS;POINT (606586.16 7798813.95)
581;CENTRO DE SAUDE;CS;CENTRO DE SAUDE SANTA MONICA II - ALAMEDA DOS IPES;RUA;MINISTRO OLIVEIRA SALAZAR;1186;32469023, 32779024;SANTA MÔNICA;POINT (607465.43 7808348.64)
501;CENTRO DE SAUDE;CS;CENTRO DE SAUDE BONSUCESSO;RUA;DOUTOR CRISTIANO REZENDE;1875;32773192, 32778931, 32779069;BONSUCESSO;POINT (605782.03 7789622.53)
459;ACADEMIA DA CIDADE;ACADEMIA;ACADEMIA DA CIDADE MONTE AZUL;RUA;PROFESSOR CARLOS DE ALMEIDA;105;;MONTE AZUL;POINT (615812.27 7808298.31)
200;ACADEMIA DA CIDADE;ACADEMIA;ACADEMIA DA CIDADE UNIAO;RUA;PROFESSOR GERALDO FONTES;30;;UNIÃO;POINT (613046.89 7801338.44)
535;ACADEMIA DA CIDADE;ACADEMIA;ACADEMIA DA CIDADE CENTRO DIA DO IDOSO;AVE;SANTA MATILDE;325;;DOM CABRAL;POINT (604714.02 7796617.37)
255;CENTRO DE SAUDE;CS;CENTRO DE SAUDE DOM JOAQUIM;AVE;JOAQUIM JOSE DINIZ;855;32775701, 32775707, 32779021;FERNÃO DIAS;POINT (613473.19 7801938.84)
1082;ACADEMIA DA CIDADE;ACADEMIA;ACADEMIA DA CIDADE PAULO VI;RUA;NEBLINA;120;32776685;CONJUNTO PAULO VI;POINT (616501.24 7806677.06)
197;CENTRO DE SAUDE;CS;CENTRO DE SAUDE CAPITAO EDUARDO;RUA;DOS MENSAGEIROS;10;32777846, 32777847, 32778016;CONJUNTO CAPITÃO EDUARDO;POINT (618570.89 7806860.02)
311;ACADEMIA DA CIDADE;ACADEMIA;ACADEMIA DA CIDADE LABORATORIO DO MOVIMENTO;AVE;PROFESSOR ALFREDO BALENA;190;;SANTA EFIGÊNIA;POINT (612073.84 7796480.01)
387;CENTRO DE SAUDE;CS;CENTRO DE SAUDE SAO GABRIEL - FABIO CORREA LIMA;RUA;ILHA DE MALTA;353;32776744, 32776745, 32468010;SÃO GABRIEL;POINT (613694.06 7803991.66)
327;CENTRAL DE ESTERILIZACAO;CEST;CENTRAL DE ESTERILIZACAO VENDA NOVA;RUA;JOSE ROCHA PAIXAO;10;;CÉU AZUL;POINT (604107.31 7808043.41)
504;CENTRO DE SAUDE;CS;CENTRO DE SAUDE SANTA LUCIA;RUA;MURILLO MORAES DE ANDRADE;140;32778885, 32778883;SANTO ANTÔNIO;POINT (610232.57 7793641.45)
338;CENTRO DE SAUDE;CS;CENTRO DE SAUDE SANTA CECILIA;RUA;PAULO DUARTE;280;32775852, 32775853, 32779070;SANTA CECÍLIA;POINT (601187.30 7788269.82)
525;ACADEMIA DA CIDADE;ACADEMIA;ACADEMIA DA CIDADE MARIANO DE ABREU;RUA;CINCO DE JANEIRO;139;;MARIANO DE ABREU;POINT (616183.33 7799712.31)
403;DISTRITO SANITARIO;DS;DISTRITO SANITARIO CENTRO SUL;AVE;AUGUSTO DE LIMA;30;;CENTRO;POINT (611289.70 7796508.26)
507;ACADEMIA DA CIDADE;ACADEMIA;ACADEMIA DA CIDADE VIA 240;AVE;RISOLETA NEVES;2400;;NOVO AARÃO REIS;POINT (613560.86 7805142.30)
215;CENTRAL DE ESTERILIZACAO;CEST;CENTRAL DE ESTERILIZACAO NORTE;AVE;RISOLETA NEVES;2580;;NOVO AARÃO REIS;POINT (613675.99 7805235.72)
509;UNIDADE DE PRONTO ATENDIMENTO;UPA;UNIDADE DE PRONTO ATENDIMENTO NORTE;AVE;RISOLETA NEVES;2580;;NOVO AARÃO REIS;POINT (613675.78 7805234.73)
359;CENTRO DE SAUDE;CS;CENTRO DE SAUDE DOM ORIONE;AVE;OTACILIO NEGRAO DE LIMA;2220;32777860, 32777861;SÃO LUÍZ;POINT (607309.00 7803657.59)
901;SERVICO DE RESIDENCIA TERAPEUTICA;SRT;INSTITUTO DE PROMOCAO HUMANA DARCY RIBEIRO CASA DE BEBES;AVE;OTACILIO NEGRAO DE LIMA;16950;32777945;JARDIM ATLÂNTICO;POINT (607596.26 7804807.09)
342;CENTRO DE SAUDE;CS;CENTRO DE SAUDE CONFISCO;RUA;POLYCARPO DE MAGALHAES VIOTTI;261;32777202, 32777267, 32778501;BANDEIRANTES;POINT (604423.66 7803276.98)
356;DISTRITO SANITARIO;DS;DISTRITO SANITARIO OESTE;AVE;SILVA LOBO;1280;;NOVA GRANADA;POINT (607677.38 7795303.58)
452;CENTRO DE SAUDE;CS;CENTRO DE SAUDE AARAO REIS;RUA;WALDOMIRO LOBO;177;32776781, 32777463;AARÃO REIS;POINT (613007.16 7805202.74)
295;CENTRO DE SAUDE;CS;CENTRO DE SAUDE OURO PRETO;RUA;JONAS JEAN;77;32778560, 32777133, 32777108, 32778331;OURO PRETO;POINT (605987.47 7800921.34)
1262;CENTRO DE REFERENCIA EM SAUDE MENTAL;CERSAM;CENTRO DE REFERENCIA EM SAUDE MENTAL PARA A INFANCIA E ADOLESCENCIA PAMPULHA NOROESTE;AVE;JOAO XXIII;1253;;MANACÁS;POINT (605365.09 7799184.75)
461;CENTRO DE SAUDE;CS;CENTRO DE SAUDE PADRE TIAGO;AVE;JOAO XXIII;1233;32463022, 32778976, 32778942;MANACÁS;POINT (605302.42 7799200.73)
